230001;1;2302;6,3;5,9;6,10
230001;2;2302;5;6,6;5,80
230001;3;2302;6,9;5,6;6,25
230001;4;2302;6,6;6;6,30
230001;5;2302;6,7;6,4;6,55
230001;6;2302;6,6;6,2;6,40
230001;7;2302;6,8;6,6;6,70
230001;8;2302;5,3;6,8;6,05
230001;9;2302;6,2;6;6,10
230001;10;2302;5,8;6,2;6,00
230001;11;2302;5,2;5,4;5,30
230001;12;2302;6,1;6,1;6,10
230002;1;2302;5,8;6,6;6,20
230002;2;2302;5,3;6,1;5,70
230002;3;2302;6,5;5,5;6,00
230002;4;2302;5,3;6,6;5,95
230002;5;2302;6,9;5,7;6,30
230002;6;2302;6,7;5,4;6,05
230002;7;2302;5,7;5,2;5,45
230002;8;2302;6,3;6,7;6,50
230002;9;2302;5,4;5,6;5,50
230002;10;2302;5,6;6,7;6,15
230002;11;2302;6,6;6;6,30
230002;12;2302;6;6,7;6,35
230003;1;2302;6,7;5,8;6,25
230003;2;2302;6,1;5,4;5,75
230003;3;2302;6,6;6,8;6,70
230003;4;2302;6;6,2;6,10
230003;5;2302;6,2;6,9;6,55
230003;6;2302;6,1;5,2;5,65
230003;7;2302;5,5;6,5;6,00
230003;8;2302;5,2;5,8;5,50
230003;9;2302;5,2;5,6;5,40
230003;10;2302;6,6;6,2;6,40
230003;11;2302;6,1;5,2;5,65
230003;12;2302;5,9;6,2;6,05
230004;1;2302;5,5;6,5;6,00
230004;2;2302;6,3;5,8;6,05
230004;3;2302;7;5,8;6,40
230004;4;2302;5,1;5,2;5,15
230004;5;2302;6,6;6,5;6,55
230004;6;2302;6;6,1;6,05
230004;7;2302;5,5;6,2;5,85
230004;8;2302;5,4;5,8;5,60
230004;9;2302;6,2;5,6;5,90
230004;10;2302;5,3;6,1;5,70
230004;11;2302;6,3;5,7;6,00
230004;12;2302;6,2;6,5;6,35
230005;1;2302;6;6,4;6,20
230005;2;2302;5,4;5,6;5,50
230005;3;2302;5,7;6,1;5,90
230005;4;2302;5,8;7;6,40
230005;5;2302;6,2;6,7;6,45
230005;6;2302;5,3;5,4;5,35
230005;7;2302;5,6;6,6;6,10
230005;8;2302;5,2;6,7;5,95
230005;9;2302;5,6;5,6;5,60
230005;10;2302;5;7;6,00
230005;11;2302;6,2;5,1;5,65
230005;12;2302;6,6;6,5;6,55
230006;1;2302;9,9;7,2;8,55
230006;2;2302;6,6;8,1;7,35
230006;3;2302;6,3;8,5;7,40
230006;4;2302;7,5;9,3;8,40
230006;5;2302;7,1;9;8,05
230006;6;2302;7,2;8,2;7,70
230006;7;2302;6,7;7,3;7,00
230006;8;2302;8,1;8;8,05
230006;9;2302;5,1;9,2;7,15
230006;10;2302;7,5;8,5;8,00
230006;11;2302;5,6;6,8;6,20
230006;12;2302;7,7;8,3;8,00
230007;1;2302;6,1;5,9;6,00
230007;2;2302;8,3;6,1;7,20
230007;3;2302;9,1;7;8,05
230007;4;2302;9,7;7,4;8,55
230007;5;2302;6,1;6,1;6,10
230007;6;2302;8,7;9,6;9,15
230007;7;2302;8,5;6;7,25
230007;8;2302;6,3;7,6;6,95
230007;9;2302;6,9;8,1;7,50
230007;10;2302;9,4;9,3;9,35
230007;11;2302;8,8;8,9;8,85
230007;12;2302;5,6;5,4;5,50
230008;1;2302;6,9;7,8;7,35
230008;2;2302;9,5;5,3;7,40
230008;3;2302;8,3;6;7,15
230008;4;2302;6,7;8,8;7,75
230008;5;2302;8;9,4;8,70
230008;6;2302;6,1;5,3;5,70
230008;7;2302;7,8;6,8;7,30
230008;8;2302;5,6;6,8;6,20
230008;9;2302;9,8;9,7;9,75
230008;10;2302;5;9,6;7,30
230008;11;2302;9;6,3;7,65
230008;12;2302;5,8;8,1;6,95
230009;1;2302;6,2;7,6;6,90
230009;2;2302;8,8;9,2;9,00
230009;3;2302;7,2;6,2;6,70
230009;4;2302;8,2;6,2;7,20
230009;5;2302;7,8;7,1;7,45
230009;6;2302;7,2;6,6;6,90
230009;7;2302;8,1;8,9;8,50
230009;8;2302;5,3;5,5;5,40
230009;9;2302;8,5;5,9;7,20
230009;10;2302;8,7;9,9;9,30
230009;11;2302;5,2;6,7;5,95
230009;12;2302;8,2;8,3;8,25
230010;1;2302;7,5;8,6;8,05
230010;2;2302;5,5;5,8;5,65
230010;3;2302;7,5;6,5;7,00
230010;4;2302;7,4;6,3;6,85
230010;5;2302;9;5,4;7,20
230010;6;2302;6,1;8,8;7,45
230010;7;2302;7,3;6,9;7,10
230010;8;2302;5,5;6,3;5,90
230010;9;2302;7,7;8,5;8,10
230010;10;2302;8,9;5,3;7,10
230010;11;2302;9,1;9,5;9,30
230010;12;2302;5,5;6,2;5,85
230011;1;2302;9,5;9,1;9,30
230011;2;2302;8,2;6,1;7,15
230011;3;2302;5;6,9;5,95
230011;4;2302;6,5;7,5;7,00
230011;5;2302;5,4;9,6;7,50
230011;6;2302;6,3;6,6;6,45
230011;7;2302;7,4;8,5;7,95
230011;8;2302;9,7;9,1;9,40
230011;9;2302;7,7;8,3;8,00
230011;10;2302;9,4;9,4;9,40
230011;11;2302;5,2;7,7;6,45
230011;12;2302;5,5;7,9;6,70
230012;1;2302;7,8;6,7;7,25
230012;2;2302;9,3;5,7;7,50
230012;3;2302;5,3;6,4;5,85
230012;4;2302;5,5;5,2;5,35
230012;5;2302;6,7;9,2;7,95
230012;6;2302;7;7,4;7,20
230012;7;2302;7,3;5,5;6,40
230012;8;2302;9,9;9,4;9,65
230012;9;2302;8,8;5,3;7,05
230012;10;2302;5;6,2;5,60
230012;11;2302;5,1;6;5,55
230012;12;2302;9,5;8,4;8,95
230013;1;2302;5,3;9,5;7,40
230013;2;2302;6,3;9,8;8,05
230013;3;2302;9;9,9;9,45
230013;4;2302;9,1;6,6;7,85
230013;5;2302;6,6;5,2;5,90
230013;6;2302;5,8;8,5;7,15
230013;7;2302;9,6;6,9;8,25
230013;8;2302;10;9,9;9,95
230013;9;2302;9;9,2;9,10
230013;10;2302;6,4;8,2;7,30
230013;11;2302;5,7;7,1;6,40
230013;12;2302;9;7,8;8,40
230014;1;2302;7,9;7,5;7,70
230014;2;2302;9,7;5,3;7,50
230014;3;2302;8;7;7,50
230014;4;2302;6,5;5,3;5,90
230014;5;2302;6,7;8,8;7,75
230014;6;2302;7;7;7,00
230014;7;2302;7;5,4;6,20
230014;8;2302;7,9;9,5;8,70
230014;9;2302;6,3;7,3;6,80
230014;10;2302;7,6;9,1;8,35
230014;11;2302;8,6;6,7;7,65
230014;12;2302;8,2;5,7;6,95
230015;1;2302;9,3;7,3;8,30
230015;2;2302;5,7;8;6,85
230015;3;2302;5,3;5,9;5,60
230015;4;2302;7,4;7,2;7,30
230015;5;2302;9,1;6,3;7,70
230015;6;2302;6,1;5,2;5,65
230015;7;2302;7,8;7,7;7,75
230015;8;2302;7,3;5;6,15
230015;9;2302;8,4;9,2;8,80
230015;10;2302;9,3;8,4;8,85
230015;11;2302;5,1;8,7;6,90
230015;12;2302;6,8;5;5,90
230016;1;2302;6,5;7,6;7,05
230016;2;2302;6,7;8,4;7,55
230016;3;2302;7,2;5,3;6,25
230016;4;2302;8,7;8,3;8,50
230016;5;2302;6,5;7,5;7,00
230016;6;2302;5,1;9,2;7,15
230016;7;2302;9,6;7,9;8,75
230016;8;2302;6,6;5;5,80
230016;9;2302;5,5;7;6,25
230016;10;2302;7,9;6;6,95
230016;11;2302;5;5,1;5,05
230016;12;2302;6;8,9;7,45
230017;1;2302;8,5;9,7;9,10
230017;2;2302;6,2;9,9;8,05
230017;3;2302;7,6;8,4;8,00
230017;4;2302;7,4;9,9;8,65
230017;5;2302;9;8,4;8,70
230017;6;2302;7,3;7,6;7,45
230017;7;2302;8,5;8;8,25
230017;8;2302;5,8;7,9;6,85
230017;9;2302;8,9;9,9;9,40
230017;10;2302;9,7;8,2;8,95
230017;11;2302;5;8,4;6,70
230017;12;2302;9,2;5,4;7,30
230018;1;2302;7,2;9,2;8,20
230018;2;2302;6,5;8,7;7,60
230018;3;2302;8,8;8,7;8,75
230018;4;2302;8,7;5,2;6,95
230018;5;2302;7,6;9,5;8,55
230018;6;2302;9,9;5,4;7,65
230018;7;2302;6,4;9,4;7,90
230018;8;2302;9,3;5,1;7,20
230018;9;2302;5,7;7;6,35
230018;10;2302;7,4;7,9;7,65
230018;11;2302;7,8;6,8;7,30
230018;12;2302;7,8;8;7,90
230019;1;2302;5,1;8,2;6,65
230019;2;2302;9,1;7,9;8,50
230019;3;2302;9,1;9,7;9,40
230019;4;2302;8,6;7,7;8,15
230019;5;2302;6,8;5,8;6,30
230019;6;2302;6,3;9,6;7,95
230019;7;2302;6;8,3;7,15
230019;8;2302;5;9,6;7,30
230019;9;2302;8,5;5,8;7,15
230019;10;2302;8,5;5,5;7,00
230019;11;2302;9,8;8,3;9,05
230019;12;2302;9,5;9;9,25
230020;1;2302;6,3;6,1;6,20
230020;2;2302;5,2;8,7;6,95
230020;3;2302;5,8;8,1;6,95
230020;4;2302;6,9;6;6,45
230020;5;2302;8,2;7,5;7,85
230020;6;2302;6,5;10;8,25
230020;7;2302;8,1;9,6;8,85
230020;8;2302;6,3;7,9;7,10
230020;9;2302;9,3;6,9;8,10
230020;10;2302;7,9;9,7;8,80
230020;11;2302;8,8;9,5;9,15
230020;12;2302;9,2;8,1;8,65
230021;1;2302;9,5;7,2;8,35
230021;2;2302;6,4;8,1;7,25
230021;3;2302;8,2;7,9;8,05
230021;4;2302;7,4;9,2;8,30
230021;5;2302;9,9;9,3;9,60
230021;6;2302;6,3;5,5;5,90
230021;7;2302;8,3;9,9;9,10
230021;8;2302;7;6,8;6,90
230021;9;2302;6,3;5,8;6,05
230021;10;2302;5,3;8,8;7,05
230021;11;2302;7,2;7;7,10
230021;12;2302;8;9,7;8,85
230022;1;2302;8,3;6;7,15
230022;2;2302;5,8;7,5;6,65
230022;3;2302;9,5;8,5;9,00
230022;4;2302;6,4;5,6;6,00
230022;5;2302;6,6;8,5;7,55
230022;6;2302;5,4;9,8;7,60
230022;7;2302;8,5;5;6,75
230022;8;2302;5,3;7,5;6,40
230022;9;2302;5,4;6,8;6,10
230022;10;2302;9,7;7,8;8,75
230022;11;2302;5,3;5,9;5,60
230022;12;2302;6;9,5;7,75
230023;1;2302;9,1;8;8,55
230023;2;2302;9,1;5,3;7,20
230023;3;2302;6,3;9,4;7,85
230023;4;2302;7,7;6,3;7,00
230023;5;2302;6,1;6,9;6,50
230023;6;2302;7;7,1;7,05
230023;7;2302;5,4;6,5;5,95
230023;8;2302;8,3;10;9,15
230023;9;2302;7,7;6,7;7,20
230023;10;2302;5,9;7,5;6,70
230023;11;2302;5,4;7,2;6,30
230023;12;2302;6,4;8,8;7,60
230024;1;2302;9,2;8,1;8,65
230024;2;2302;5,4;8,5;6,95
230024;3;2302;8,6;9,6;9,10
230024;4;2302;7,4;9,9;8,65
230024;5;2302;8,3;9,1;8,70
230024;6;2302;8,7;6,1;7,40
230024;7;2302;6,6;9,3;7,95
230024;8;2302;7,9;8,6;8,25
230024;9;2302;6,9;7,6;7,25
230024;10;2302;9,9;5,3;7,60
230024;11;2302;5,7;9,9;7,80
230024;12;2302;8,1;9,3;8,70
230025;1;2302;8;6,2;7,10
230025;2;2302;9,4;8,5;8,95
230025;3;2302;6,4;6,3;6,35
230025;4;2302;6,3;9,9;8,10
230025;5;2302;8,8;6,6;7,70
230025;6;2302;9,2;5,5;7,35
230025;7;2302;7,6;9,8;8,70
230025;8;2302;6,7;6,8;6,75
230025;9;2302;5,2;9,3;7,25
230025;10;2302;7,8;8,9;8,35
230025;11;2302;6,1;8,7;7,40
230025;12;2302;5,2;9,7;7,45
230026;1;2302;5,7;5,8;5,75
230026;2;2302;9,5;5,4;7,45
230026;3;2302;6,7;9,8;8,25
230026;4;2302;6,4;6,2;6,30
230026;5;2302;5,4;5,8;5,60
230026;6;2302;8,6;7,8;8,20
230026;7;2302;5,5;9,6;7,55
230026;8;2302;6,5;5;5,75
230026;9;2302;7,2;5,3;6,25
230026;10;2302;6,6;9,4;8,00
230026;11;2302;9,8;7,5;8,65
230026;12;2302;5,4;7,4;6,40
230027;1;2302;8,5;7,9;8,20
230027;2;2302;8,3;5;6,65
230027;3;2302;5,1;9,3;7,20
230027;4;2302;8,3;8,6;8,45
230027;5;2302;8,3;7;7,65
230027;6;2302;7,4;5,3;6,35
230027;7;2302;8,2;8;8,10
230027;8;2302;9,5;7,8;8,65
230027;9;2302;7,2;7,6;7,40
230027;10;2302;8,4;5,7;7,05
230027;11;2302;7,9;6,3;7,10
230027;12;2302;7;7,8;7,40
230028;1;2302;6,4;8,3;7,35
230028;2;2302;5,4;7,1;6,25
230028;3;2302;9,3;6,2;7,75
230028;4;2302;8,8;9,8;9,30
230028;5;2302;8,6;5,4;7,00
230028;6;2302;7,6;8,8;8,20
230028;7;2302;8,5;5;6,75
230028;8;2302;6,9;5,8;6,35
230028;9;2302;6,1;5,9;6,00
230028;10;2302;9,8;6,4;8,10
230028;11;2302;8,2;7,8;8,00
230028;12;2302;9,3;9,6;9,45
230029;1;2302;9,6;8,9;9,25
230029;2;2302;8,6;5,4;7,00
230029;3;2302;9;6,3;7,65
230029;4;2302;9,9;5,1;7,50
230029;5;2302;8,6;7,2;7,90
230029;6;2302;7,2;5,4;6,30
230029;7;2302;9,6;7,4;8,50
230029;8;2302;9,6;5,3;7,45
230029;9;2302;6,8;8,8;7,80
230029;10;2302;9,4;9,9;9,65
230029;11;2302;9,3;6,3;7,80
230029;12;2302;5,6;9,8;7,70
230030;1;2302;7,1;7,3;7,20
230030;2;2302;9,6;6,7;8,15
230030;3;2302;5,9;7;6,45
230030;4;2302;5,1;6,6;5,85
230030;5;2302;9,3;5,4;7,35
230030;6;2302;6,7;8,7;7,70
230030;7;2302;6,9;9,9;8,40
230030;8;2302;6,6;7;6,80
230030;9;2302;6,1;5,8;5,95
230030;10;2302;9,1;9,4;9,25
230030;11;2302;6,8;8,2;7,50
230030;12;2302;6,6;8,7;7,65
230031;1;2302;8,9;9,4;9,15
230031;2;2302;5,3;5,2;5,25
230031;3;2302;7,3;8,8;8,05
230031;4;2302;5,7;8,5;7,10
230031;5;2302;9,5;9;9,25
230031;6;2302;9,3;6,3;7,80
230031;7;2302;7,4;6,4;6,90
230031;8;2302;6,6;8,7;7,65
230031;9;2302;7,3;9,2;8,25
230031;10;2302;5,2;7,3;6,25
230031;11;2302;8;9,3;8,65
230031;12;2302;7,8;8,9;8,35
230032;1;2302;6,4;9,9;8,15
230032;2;2302;6,6;6,6;6,60
230032;3;2302;5,9;5,7;5,80
230032;4;2302;7,4;9,1;8,25
230032;5;2302;7,9;6,9;7,40
230032;6;2302;6,7;9,7;8,20
230032;7;2302;6,8;7;6,90
230032;8;2302;8,6;6;7,30
230032;9;2302;9,2;5,7;7,45
230032;10;2302;7,3;6,5;6,90
230032;11;2302;8,7;9,4;9,05
230032;12;2302;9,9;8,4;9,15
230033;1;2302;6,9;9,8;8,35
230033;2;2302;7,7;8,8;8,25
230033;3;2302;5,3;9,5;7,40
230033;4;2302;8,8;7,8;8,30
230033;5;2302;5,5;8,6;7,05
230033;6;2302;7;8,5;7,75
230033;7;2302;8,1;5,5;6,80
230033;8;2302;7,4;8,3;7,85
230033;9;2302;8,6;9,4;9,00
230033;10;2302;9,2;7;8,10
230033;11;2302;9,6;5,1;7,35
230033;12;2302;9,9;7,3;8,60
230034;1;2302;9,4;6,2;7,80
230034;2;2302;9,9;8,8;9,35
230034;3;2302;8,9;9,6;9,25
230034;4;2302;9,7;7,2;8,45
230034;5;2302;6,9;5,9;6,40
230034;6;2302;9,6;6,8;8,20
230034;7;2302;5,2;5,3;5,25
230034;8;2302;5,2;6,1;5,65
230034;9;2302;8,6;9,8;9,20
230034;10;2302;9,1;6,9;8,00
230034;11;2302;7,8;6,5;7,15
230034;12;2302;6,9;9,6;8,25
230035;1;2302;8,3;8,2;8,25
230035;2;2302;6;6;6,00
230035;3;2302;7,8;9,6;8,70
230035;4;2302;5,3;5;5,15
230035;5;2302;7,1;5,7;6,40
230035;6;2302;8,3;6,3;7,30
230035;7;2302;9,1;7;8,05
230035;8;2302;10;7,9;8,95
230035;9;2302;9,5;5,8;7,65
230035;10;2302;8;5,4;6,70
230035;11;2302;7,2;6,8;7,00
230035;12;2302;8,1;8,6;8,35
230036;1;2302;6;5,4;5,70
230036;2;2302;5,1;6,3;5,70
230036;3;2302;10;9,4;9,70
230036;4;2302;6,1;9,4;7,75
230036;5;2302;7,1;9,2;8,15
230036;6;2302;5,7;5;5,35
230036;7;2302;7,1;6,3;6,70
230036;8;2302;6;9,4;7,70
230036;9;2302;9,6;7,8;8,70
230036;10;2302;6,6;9,4;8,00
230036;11;2302;8,4;6,3;7,35
230036;12;2302;6,6;5,3;5,95
230037;1;2302;5,7;8,6;7,15
230037;2;2302;5,8;8,7;7,25
230037;3;2302;8,9;7,6;8,25
230037;4;2302;9,8;5,1;7,45
230037;5;2302;7,2;7,8;7,50
230037;6;2302;7,8;5,3;6,55
230037;7;2302;6,2;8,7;7,45
230037;8;2302;5,4;5,3;5,35
230037;9;2302;9,4;8,2;8,80
230037;10;2302;7,4;6,8;7,10
230037;11;2302;9,4;7,9;8,65
230037;12;2302;5,8;6,6;6,20
230038;1;2302;6,3;8,1;7,20
230038;2;2302;8,9;5,9;7,40
230038;3;2302;7,2;6,7;6,95
230038;4;2302;7,8;6,8;7,30
230038;5;2302;9;6,9;7,95
230038;6;2302;9,6;5,8;7,70
230038;7;2302;7,3;7;7,15
230038;8;2302;9,9;5,8;7,85
230038;9;2302;6,8;6,5;6,65
230038;10;2302;6,7;5,8;6,25
230038;11;2302;6,2;5,5;5,85
230038;12;2302;9,9;8,9;9,40
230039;1;2302;9,3;6,7;8,00
230039;2;2302;6,3;7;6,65
230039;3;2302;7,8;9,1;8,45
230039;4;2302;7,2;7,4;7,30
230039;5;2302;7,2;9,7;8,45
230039;6;2302;7,4;6,9;7,15
230039;7;2302;8,4;8,7;8,55
230039;8;2302;7;5,2;6,10
230039;9;2302;7,9;8,9;8,40
230039;10;2302;6,4;6;6,20
230039;11;2302;5,3;8,3;6,80
230039;12;2302;9,6;8,6;9,10
230040;1;2302;5,6;8,7;7,15
230040;2;2302;5,8;7,3;6,55
230040;3;2302;7,2;9,7;8,45
230040;4;2302;7,8;6,8;7,30
230040;5;2302;7,4;9,9;8,65
230040;6;2302;9,1;6;7,55
230040;7;2302;9,4;8;8,70
230040;8;2302;6,4;8,2;7,30
230040;9;2302;9,1;7,5;8,30
230040;10;2302;7,4;5,3;6,35
230040;11;2302;7,6;7,8;7,70
230040;12;2302;9,9;6,2;8,05
220001;1;2302;8,6;8,4;8,50
220001;2;2302;8;5,3;6,65
220001;3;2302;6,5;5,3;5,90
220001;4;2302;7;8,8;7,90
220001;5;2302;9,8;7,6;8,70
220001;6;2302;7,6;6;6,80
220001;7;2302;9,1;8,8;8,95
220001;8;2302;9,1;7,7;8,40
220001;9;2302;7,4;5,7;6,55
220001;10;2302;5,4;9,5;7,45
220001;11;2302;5,6;8,7;7,15
220001;12;2302;9,8;7,8;8,80
220002;1;2302;8,3;8,8;8,55
220002;2;2302;8,7;5,9;7,30
220002;3;2302;6,7;7,9;7,30
220002;4;2302;5;6,7;5,85
220002;5;2302;8,8;6,1;7,45
220002;6;2302;9,6;8,5;9,05
220002;7;2302;6,7;8,4;7,55
220002;8;2302;7,1;5,8;6,45
220002;9;2302;5,2;6,4;5,80
220002;10;2302;6,1;9,6;7,85
220002;11;2302;7,1;6,1;6,60
220002;12;2302;5,7;6,9;6,30
220003;1;2302;5,5;5,3;5,40
220003;2;2302;5,9;6,5;6,20
220003;3;2302;8,8;7,2;8,00
220003;4;2302;6,8;9,4;8,10
220003;5;2302;7,8;5,5;6,65
220003;6;2302;6,1;8,8;7,45
220003;7;2302;7,3;5,3;6,30
220003;8;2302;8,7;7,8;8,25
220003;9;2302;5,8;7,6;6,70
220003;10;2302;6,6;9,7;8,15
220003;11;2302;6,8;8,7;7,75
220003;12;2302;6,9;5,1;6,00
220004;1;2302;9;7,1;8,05
220004;2;2302;9,3;5,7;7,50
220004;3;2302;6;5,6;5,80
220004;4;2302;5,6;6,4;6,00
220004;5;2302;9;9,9;9,45
220004;6;2302;7;9,2;8,10
220004;7;2302;9,3;5,9;7,60
220004;8;2302;5,1;5,5;5,30
220004;9;2302;6,6;7,7;7,15
220004;10;2302;5,4;7,7;6,55
220004;11;2302;8,9;9,4;9,15
220004;12;2302;9,3;6,2;7,75
220005;1;2302;9,1;9,3;9,20
220005;2;2302;7,7;6,3;7,00
220005;3;2302;6,2;8,7;7,45
220005;4;2302;7,5;8,9;8,20
220005;5;2302;8,9;9,2;9,05
220005;6;2302;5,5;8,7;7,10
220005;7;2302;8,6;8,5;8,55
220005;8;2302;8,3;5;6,65
220005;9;2302;5,2;9,3;7,25
220005;10;2302;5,7;6;5,85
220005;11;2302;5,9;8,2;7,05
220005;12;2302;7,7;9,4;8,55
220006;1;2302;9,7;6,8;8,25
220006;2;2302;5,7;8,5;7,10
220006;3;2302;9;7;8,00
220006;4;2302;7,1;8,2;7,65
220006;5;2302;8,8;8,2;8,50
220006;6;2302;7,4;6,5;6,95
220006;7;2302;7,2;7,2;7,20
220006;8;2302;7,1;5,6;6,35
220006;9;2302;7,5;6,2;6,85
220006;10;2302;7;7,5;7,25
220006;11;2302;8,5;6,2;7,35
220006;12;2302;7,7;5,6;6,65
220007;1;2302;9,6;10;9,80
220007;2;2302;8,9;9,9;9,40
220007;3;2302;7,4;10;8,70
220007;4;2302;7,4;9,4;8,40
220007;5;2302;6,1;9,2;7,65
220007;6;2302;6,3;5,4;5,85
220007;7;2302;6,9;5,4;6,15
220007;8;2302;8,1;5,7;6,90
220007;9;2302;9,4;9,1;9,25
220007;10;2302;7,9;8,1;8,00
220007;11;2302;6,1;6,9;6,50
220007;12;2302;8,8;6,3;7,55
220008;1;2302;6,8;7,3;7,05
220008;2;2302;8,6;5,8;7,20
220008;3;2302;5,9;6,3;6,10
220008;4;2302;5,5;6,1;5,80
220008;5;2302;6;8,5;7,25
220008;6;2302;6,3;7,1;6,70
220008;7;2302;9,8;9,5;9,65
220008;8;2302;9,3;8,2;8,75
220008;9;2302;7,3;9,2;8,25
220008;10;2302;5,3;8,3;6,80
220008;11;2302;9;6,3;7,65
220008;12;2302;8,6;9,9;9,25
220009;1;2302;5,4;9,3;7,35
220009;2;2302;10;6,6;8,30
220009;3;2302;6,5;10;8,25
220009;4;2302;7,2;9,8;8,50
220009;5;2302;9;9,2;9,10
220009;6;2302;8,1;7,1;7,60
220009;7;2302;7,3;6;6,65
220009;8;2302;7,7;5,9;6,80
220009;9;2302;9,8;9,2;9,50
220009;10;2302;5,7;5,4;5,55
220009;11;2302;7,7;5,7;6,70
220009;12;2302;5,4;9,4;7,40
220010;1;2302;8,6;9,8;9,20
220010;2;2302;7,6;7,4;7,50
220010;3;2302;6,5;7,9;7,20
220010;4;2302;5,1;9,2;7,15
220010;5;2302;6,1;6,3;6,20
220010;6;2302;9,7;6,7;8,20
220010;7;2302;5,1;7,9;6,50
220010;8;2302;9,5;9;9,25
220010;9;2302;6;9,4;7,70
220010;10;2302;8,7;5,7;7,20
220010;11;2302;6,4;8,1;7,25
220010;12;2302;7,8;8;7,90
220011;1;2302;7,4;6,5;6,95
220011;2;2302;9;5,3;7,15
220011;3;2302;8,1;5,7;6,90
220011;4;2302;8,2;9;8,60
220011;5;2302;8,4;8;8,20
220011;6;2302;7,1;5,8;6,45
220011;7;2302;9,7;7,4;8,55
220011;8;2302;7;9,1;8,05
220011;9;2302;7,7;5,8;6,75
220011;10;2302;9,2;8,7;8,95
220011;11;2302;6,7;7,7;7,20
220011;12;2302;8,2;8,1;8,15
220012;1;2302;7;6,8;6,90
220012;2;2302;7,3;7;7,15
220012;3;2302;7,9;7,4;7,65
220012;4;2302;7;5,6;6,30
220012;5;2302;9,8;7,3;8,55
220012;6;2302;9,7;8,4;9,05
220012;7;2302;8;5,2;6,60
220012;8;2302;5,2;7,2;6,20
220012;9;2302;5,1;6;5,55
220012;10;2302;5,5;8,9;7,20
220012;11;2302;7,9;9,4;8,65
220012;12;2302;8,5;7,6;8,05
220013;1;2302;8,2;7,2;7,70
220013;2;2302;5,3;8,5;6,90
220013;3;2302;7,1;6,1;6,60
220013;4;2302;9,4;6,7;8,05
220013;5;2302;8,9;9;8,95
220013;6;2302;9,2;9,5;9,35
220013;7;2302;6,7;7,8;7,25
220013;8;2302;8,2;7,1;7,65
220013;9;2302;6,9;6,6;6,75
220013;10;2302;9,7;5,5;7,60
220013;11;2302;8;5,1;6,55
220013;12;2302;7;8,7;7,85
220014;1;2302;6,4;8,7;7,55
220014;2;2302;9,1;7,3;8,20
220014;3;2302;7,7;5,2;6,45
220014;4;2302;8,1;9,8;8,95
220014;5;2302;9,3;9,9;9,60
220014;6;2302;5,2;8,5;6,85
220014;7;2302;5,7;9,1;7,40
220014;8;2302;6,7;5,2;5,95
220014;9;2302;7,1;5,4;6,25
220014;10;2302;9,7;6,7;8,20
220014;11;2302;5,4;5,9;5,65
220014;12;2302;6,6;9,5;8,05
220015;1;2302;8,1;7,6;7,85
220015;2;2302;9,7;7,6;8,65
220015;3;2302;8,4;5,5;6,95
220015;4;2302;5,8;8,7;7,25
220015;5;2302;5;5,6;5,30
220015;6;2302;7,6;7,6;7,60
220015;7;2302;7,8;7,1;7,45
220015;8;2302;6;9,5;7,75
220015;9;2302;5,5;8;6,75
220015;10;2302;8,7;5;6,85
220015;11;2302;9,7;6,9;8,30
220015;12;2302;8,3;6,2;7,25
220016;1;2302;6,5;8,5;7,50
220016;2;2302;6,2;5,8;6,00
220016;3;2302;8,6;6;7,30
220016;4;2302;7,2;8,5;7,85
220016;5;2302;8,9;9,6;9,25
220016;6;2302;8,8;7;7,90
220016;7;2302;9;9,1;9,05
220016;8;2302;6;6,8;6,40
220016;9;2302;9,9;7,3;8,60
220016;10;2302;5,2;5,2;5,20
220016;11;2302;7,9;5,9;6,90
220016;12;2302;9,4;8;8,70
220017;1;2302;5,4;8,7;7,05
220017;2;2302;8,7;6,3;7,50
220017;3;2302;7,7;5,5;6,60
220017;4;2302;7,3;8,7;8,00
220017;5;2302;8,9;9,6;9,25
220017;6;2302;7,5;9,6;8,55
220017;7;2302;7,7;6,4;7,05
220017;8;2302;9,5;5,7;7,60
220017;9;2302;6,9;8,2;7,55
220017;10;2302;7,2;5,8;6,50
220017;11;2302;7,8;8,7;8,25
220017;12;2302;8,6;5,2;6,90
220018;1;2302;9,6;6,5;8,05
220018;2;2302;9,1;7,1;8,10
220018;3;2302;7,2;7,8;7,50
220018;4;2302;6,2;5,3;5,75
220018;5;2302;8,8;9,3;9,05
220018;6;2302;6,4;7,9;7,15
220018;7;2302;5,8;6,1;5,95
220018;8;2302;8,3;5,4;6,85
220018;9;2302;6;7,5;6,75
220018;10;2302;6,4;9,1;7,75
220018;11;2302;8,8;8,7;8,75
220018;12;2302;8;8,6;8,30
220019;1;2302;7,1;5,6;6,35
220019;2;2302;7,7;7,4;7,55
220019;3;2302;7,5;6,7;7,10
220019;4;2302;8;8;8,00
220019;5;2302;9,1;8,1;8,60
220019;6;2302;8,7;8,4;8,55
220019;7;2302;6,5;5,8;6,15
220019;8;2302;6,4;8,4;7,40
220019;9;2302;7,3;5,8;6,55
220019;10;2302;9,5;9,2;9,35
220019;11;2302;9,4;5,2;7,30
220019;12;2302;6,5;8,3;7,40
220020;1;2302;6,6;6,9;6,75
220020;2;2302;7,5;9,9;8,70
220020;3;2302;6,6;5;5,80
220020;4;2302;8,3;5,1;6,70
220020;5;2302;6,6;9,6;8,10
220020;6;2302;9,4;5,2;7,30
220020;7;2302;7,1;8;7,55
220020;8;2302;8,7;8,6;8,65
220020;9;2302;7,2;8,2;7,70
220020;10;2302;7,9;8,3;8,10
220020;11;2302;8,1;9,2;8,65
220020;12;2302;5,2;9,9;7,55
220021;1;2302;6,1;6,4;6,25
220021;2;2302;7,1;5,6;6,35
220021;3;2302;9,4;6;7,70
220021;4;2302;5,9;6,8;6,35
220021;5;2302;7,1;8,2;7,65
220021;6;2302;6;8,7;7,35
220021;7;2302;6,5;5,1;5,80
220021;8;2302;9,6;5,8;7,70
220021;9;2302;8,9;8,2;8,55
220021;10;2302;8,7;9;8,85
220021;11;2302;9,1;5,4;7,25
220021;12;2302;7,6;6,3;6,95
220022;1;2302;8,6;8,7;8,65
220022;2;2302;5,9;8,6;7,25
220022;3;2302;7,5;9,8;8,65
220022;4;2302;7,9;9,8;8,85
220022;5;2302;5,7;9,6;7,65
220022;6;2302;7,5;8,2;7,85
220022;7;2302;7,4;8,1;7,75
220022;8;2302;10;9,3;9,65
220022;9;2302;6,4;8,4;7,40
220022;10;2302;5,4;6,2;5,80
220022;11;2302;9,6;5,2;7,40
220022;12;2302;6,8;7,3;7,05
220023;1;2302;6,9;5,9;6,40
220023;2;2302;5,7;6,4;6,05
220023;3;2302;8,3;5,7;7,00
220023;4;2302;7,4;6,7;7,05
220023;5;2302;9;7,5;8,25
220023;6;2302;9,4;7,4;8,40
220023;7;2302;8,5;5,5;7,00
220023;8;2302;8,8;6,9;7,85
220023;9;2302;7,1;9,5;8,30
220023;10;2302;8,2;6,3;7,25
220023;11;2302;5;6;5,50
220023;12;2302;5,9;6,5;6,20
220024;1;2302;8,2;6,6;7,40
220024;2;2302;5,2;7,6;6,40
220024;3;2302;8,4;7,4;7,90
220024;4;2302;7,2;5,1;6,15
220024;5;2302;5,5;5,6;5,55
220024;6;2302;9;5,5;7,25
220024;7;2302;6,6;9,1;7,85
220024;8;2302;5,6;7,6;6,60
220024;9;2302;8,2;7,1;7,65
220024;10;2302;7,6;9,4;8,50
220024;11;2302;5,7;7,4;6,55
220024;12;2302;5,8;7,4;6,60
220025;1;2302;6,4;8,5;7,45
220025;2;2302;9,6;5,2;7,40
220025;3;2302;7,9;9,8;8,85
220025;4;2302;7;9,4;8,20
220025;5;2302;9,2;9,6;9,40
220025;6;2302;8,8;6,7;7,75
220025;7;2302;8,1;6,8;7,45
220025;8;2302;6;5,1;5,55
220025;9;2302;5,3;5,5;5,40
220025;10;2302;9,1;6,2;7,65
220025;11;2302;6,9;9,2;8,05
220025;12;2302;9,5;7;8,25
220026;1;2302;7,9;5,8;6,85
220026;2;2302;8,9;9,6;9,25
220026;3;2302;8,2;9,3;8,75
220026;4;2302;5,7;8,2;6,95
220026;5;2302;8,4;9,8;9,10
220026;6;2302;5,7;5,5;5,60
220026;7;2302;7,8;5,3;6,55
220026;8;2302;5,2;5,3;5,25
220026;9;2302;5;7,6;6,30
220026;10;2302;6,7;5;5,85
220026;11;2302;7,5;8,4;7,95
220026;12;2302;6,9;7,8;7,35
220027;1;2302;9,2;6,2;7,70
220027;2;2302;9,2;9,7;9,45
220027;3;2302;5,4;5;5,20
220027;4;2302;9,8;8,7;9,25
220027;5;2302;6,2;7,9;7,05
220027;6;2302;7,5;6,1;6,80
220027;7;2302;5,7;5,5;5,60
220027;8;2302;6,7;8,5;7,60
220027;9;2302;8;6,4;7,20
220027;10;2302;8,6;5,2;6,90
220027;11;2302;7,3;5,4;6,35
220027;12;2302;9,7;5,9;7,80
220028;1;2302;9,2;8,3;8,75
220028;2;2302;5,4;7,8;6,60
220028;3;2302;9;9,1;9,05
220028;4;2302;6,1;9,7;7,90
220028;5;2302;7,8;7,8;7,80
220028;6;2302;7,2;9,8;8,50
220028;7;2302;9,8;6,7;8,25
220028;8;2302;5,9;5,3;5,60
220028;9;2302;7,5;7,4;7,45
220028;10;2302;9,7;8,9;9,30
220028;11;2302;7,9;6,7;7,30
220028;12;2302;7,9;6,4;7,15
220029;1;2302;7;5,8;6,40
220029;2;2302;6,5;5,5;6,00
220029;3;2302;7,4;6,7;7,05
220029;4;2302;7;6,7;6,85
220029;5;2302;9,1;9,2;9,15
220029;6;2302;9,9;9;9,45
220029;7;2302;6,3;6,7;6,50
220029;8;2302;6,1;8,8;7,45
220029;9;2302;8,9;7,6;8,25
220029;10;2302;8,9;9,1;9,00
220029;11;2302;6,8;7,9;7,35
220029;12;2302;9,8;9,2;9,50
220030;1;2302;9;8,9;8,95
220030;2;2302;5,9;5,1;5,50
220030;3;2302;9,3;8,1;8,70
220030;4;2302;8,2;6,9;7,55
220030;5;2302;9,3;9,8;9,55
220030;6;2302;5,9;6,7;6,30
220030;7;2302;9,6;8,8;9,20
220030;8;2302;5,6;5,7;5,65
220030;9;2302;8,9;7,8;8,35
220030;10;2302;7,4;7,2;7,30
220030;11;2302;10;7,8;8,90
220030;12;2302;9,8;7,4;8,60
210001;1;2302;9,8;7;8,40
210001;2;2302;9,8;9,6;9,70
210001;3;2302;8,8;8;8,40
210001;4;2302;8,5;9,9;9,20
210001;5;2302;9,2;7,9;8,55
210001;6;2302;8,7;8;8,35
210001;7;2302;9,8;8,8;9,30
210001;8;2302;7,8;8,2;8,00
210001;9;2302;9,7;7,8;8,75
210001;10;2302;9,7;9,5;9,60
210001;11;2302;7,8;7,6;7,70
210001;12;2302;7,3;8,3;7,80
210002;1;2302;9,9;9,2;9,55
210002;2;2302;7,7;9,6;8,65
210002;3;2302;8,7;8,9;8,80
210002;4;2302;8;9,6;8,80
210002;5;2302;7,3;7,5;7,40
210002;6;2302;8,5;7,9;8,20
210002;7;2302;7,5;9,1;8,30
210002;8;2302;8,5;9,1;8,80
210002;9;2302;9,3;7,9;8,60
210002;10;2302;7,8;9,4;8,60
210002;11;2302;8;8,6;8,30
210002;12;2302;7,3;8;7,65
210003;1;2302;7,6;9,2;8,40
210003;2;2302;9,1;8,4;8,75
210003;3;2302;9,3;8,9;9,10
210003;4;2302;9;8,9;8,95
210003;5;2302;7,6;9,1;8,35
210003;6;2302;8,9;7,4;8,15
210003;7;2302;8,6;8,1;8,35
210003;8;2302;7,4;9,1;8,25
210003;9;2302;9,4;9,2;9,30
210003;10;2302;9,4;7,3;8,35
210003;11;2302;9,1;8,9;9,00
210003;12;2302;8,7;7,9;8,30
210004;1;2302;10;9,2;9,60
210004;2;2302;9,5;10;9,75
210004;3;2302;9,3;8,8;9,05
210004;4;2302;8,6;9;8,80
210004;5;2302;8,3;9,9;9,10
210004;6;2302;7,6;7,7;7,65
210004;7;2302;8,7;9,5;9,10
210004;8;2302;9,7;7,6;8,65
210004;9;2302;9,2;7,1;8,15
210004;10;2302;7,8;7,7;7,75
210004;11;2302;8,5;8,9;8,70
210004;12;2302;9;8,4;8,70
210005;1;2302;9,2;8,2;8,70
210005;2;2302;8,4;9,7;9,05
210005;3;2302;9,7;7,7;8,70
210005;4;2302;7,6;8,1;7,85
210005;5;2302;8,1;9;8,55
210005;6;2302;8;9,7;8,85
210005;7;2302;8,2;9,3;8,75
210005;8;2302;8,9;8,2;8,55
210005;9;2302;9,9;7,3;8,60
210005;10;2302;7,6;7;7,30
210005;11;2302;7,6;8;7,80
210005;12;2302;8,9;8;8,45
210006;1;2302;7;7,7;7,35
210006;2;2302;9,4;8,5;8,95
210006;3;2302;8,6;8,1;8,35
210006;4;2302;7,9;8,1;8,00
210006;5;2302;8,9;9,6;9,25
210006;6;2302;9,2;7,2;8,20
210006;7;2302;9,3;8,8;9,05
210006;8;2302;9,3;9,3;9,30
210006;9;2302;8,1;8,8;8,45
210006;10;2302;7,5;8,9;8,20
210006;11;2302;8,5;8,3;8,40
210006;12;2302;7,5;8,5;8,00
210007;1;2302;8,8;8,6;8,70
210007;2;2302;8,6;7,6;8,10
210007;3;2302;8,8;7,3;8,05
210007;4;2302;8,7;9,6;9,15
210007;5;2302;8,8;10;9,40
210007;6;2302;8,6;7,2;7,90
210007;7;2302;9,2;7,1;8,15
210007;8;2302;9,3;8,2;8,75
210007;9;2302;9,7;8,2;8,95
210007;10;2302;7,4;9,8;8,60
210007;11;2302;7,5;8,9;8,20
210007;12;2302;9,6;8,1;8,85
210008;1;2302;8,6;8,5;8,55
210008;2;2302;7,1;9,8;8,45
210008;3;2302;7,1;7,7;7,40
210008;4;2302;9,4;8,4;8,90
210008;5;2302;9,1;9,7;9,40
210008;6;2302;7,8;8,4;8,10
210008;7;2302;8;8,6;8,30
210008;8;2302;8,7;9,6;9,15
210008;9;2302;8,9;8,2;8,55
210008;10;2302;9,1;8,2;8,65
210008;11;2302;8,5;7,8;8,15
210008;12;2302;9,4;8,7;9,05
210009;1;2302;7;7,5;7,25
210009;2;2302;7,4;9,1;8,25
210009;3;2302;9,8;9,3;9,55
210009;4;2302;9,5;9,5;9,50
210009;5;2302;8,3;9,6;8,95
210009;6;2302;8,1;9,8;8,95
210009;7;2302;9,3;7,8;8,55
210009;8;2302;8,2;9,8;9,00
210009;9;2302;8,5;8,7;8,60
210009;10;2302;9,6;8,3;8,95
210009;11;2302;9,3;7,5;8,40
210009;12;2302;9,6;8;8,80
210010;1;2302;7,6;9,4;8,50
210010;2;2302;8,9;8,3;8,60
210010;3;2302;9,2;9,1;9,15
210010;4;2302;8,3;7,7;8,00
210010;5;2302;9,7;9,8;9,75
210010;6;2302;9,6;9,9;9,75
210010;7;2302;7,9;7,6;7,75
210010;8;2302;9,6;10;9,80
210010;9;2302;7,8;7,2;7,50
210010;10;2302;7;7,8;7,40
210010;11;2302;7,8;9,3;8,55
210010;12;2302;8;7,4;7,70
210011;1;2302;9,8;9,1;9,45
210011;2;2302;10;9,2;9,60
210011;3;2302;9,1;8,3;8,70
210011;4;2302;9,4;9,6;9,50
210011;5;2302;7;8;7,50
210011;6;2302;8,4;8,9;8,65
210011;7;2302;8;9,2;8,60
210011;8;2302;7,8;7,6;7,70
210011;9;2302;8,3;8,9;8,60
210011;10;2302;8,4;8,7;8,55
210011;11;2302;7,6;8,2;7,90
210011;12;2302;9,7;7,7;8,70
210012;1;2302;8,1;9,2;8,65
210012;2;2302;9,8;9,2;9,50
210012;3;2302;8,2;8,9;8,55
210012;4;2302;8;8,8;8,40
210012;5;2302;8,2;8,9;8,55
210012;6;2302;7,6;8,9;8,25
210012;7;2302;9,4;9,4;9,40
210012;8;2302;9,2;7,8;8,50
210012;9;2302;8;8,6;8,30
210012;10;2302;9,8;8,2;9,00
210012;11;2302;8,8;7,1;7,95
210012;12;2302;8,8;7,6;8,20
210013;1;2302;9;10;9,50
210013;2;2302;9,8;8,5;9,15
210013;3;2302;9,1;10;9,55
210013;4;2302;9,3;7,9;8,60
210013;5;2302;9,4;7,1;8,25
210013;6;2302;9;8,3;8,65
210013;7;2302;9;8,2;8,60
210013;8;2302;8,6;7,6;8,10
210013;9;2302;8,1;7,4;7,75
210013;10;2302;9,2;9,1;9,15
210013;11;2302;7,8;8,9;8,35
210013;12;2302;8,9;9,1;9,00
210014;1;2302;8,7;10;9,35
210014;2;2302;7,9;9,9;8,90
210014;3;2302;8,7;7,2;7,95
210014;4;2302;7,2;9,7;8,45
210014;5;2302;8,2;8,4;8,30
210014;6;2302;7,3;8,4;7,85
210014;7;2302;8,6;7,6;8,10
210014;8;2302;7,1;8,8;7,95
210014;9;2302;9,4;9,6;9,50
210014;10;2302;9,8;7,6;8,70
210014;11;2302;9,5;9,3;9,40
210014;12;2302;9,9;9,2;9,55
210015;1;2302;9,3;9;9,15
210015;2;2302;8,5;7,2;7,85
210015;3;2302;8,4;7,8;8,10
210015;4;2302;9,5;8,6;9,05
210015;5;2302;9;8,5;8,75
210015;6;2302;9,3;9;9,15
210015;7;2302;9,1;7,5;8,30
210015;8;2302;7,1;8,4;7,75
210015;9;2302;7,4;9,5;8,45
210015;10;2302;7,6;7,6;7,60
210015;11;2302;9,4;8;8,70
210015;12;2302;8,1;9,7;8,90
210016;1;2302;7,4;8,7;8,05
210016;2;2302;7,1;7,6;7,35
210016;3;2302;8;7,1;7,55
210016;4;2302;8,9;8,9;8,90
210016;5;2302;9,3;8,5;8,90
210016;6;2302;7,6;8,3;7,95
210016;7;2302;7,9;7,2;7,55
210016;8;2302;7,9;7,7;7,80
210016;9;2302;9,4;8,1;8,75
210016;10;2302;8,6;7,5;8,05
210016;11;2302;9,6;9,4;9,50
210016;12;2302;9,2;9,1;9,15
210017;1;2302;8,2;7;7,60
210017;2;2302;7;8,3;7,65
210017;3;2302;9,6;9,1;9,35
210017;4;2302;9;9,6;9,30
210017;5;2302;7,3;7,6;7,45
210017;6;2302;9,5;7,2;8,35
210017;7;2302;10;9,2;9,60
210017;8;2302;7,8;8,8;8,30
210017;9;2302;9,7;8,9;9,30
210017;10;2302;7,5;9,2;8,35
210017;11;2302;10;9,4;9,70
210017;12;2302;7,6;10;8,80
210018;1;2302;7,1;9,9;8,50
210018;2;2302;9,9;8,1;9,00
210018;3;2302;8,2;8;8,10
210018;4;2302;8,5;9,7;9,10
210018;5;2302;9,3;8;8,65
210018;6;2302;8,2;9,3;8,75
210018;7;2302;9;9,1;9,05
210018;8;2302;7,9;9,7;8,80
210018;9;2302;8,6;9,9;9,25
210018;10;2302;8,8;9,7;9,25
210018;11;2302;8,3;9,1;8,70
210018;12;2302;8;9,1;8,55
210019;1;2302;7,6;9,4;8,50
210019;2;2302;7,6;8,1;7,85
210019;3;2302;7,1;7,4;7,25
210019;4;2302;9,2;8,3;8,75
210019;5;2302;7,1;8,8;7,95
210019;6;2302;9,9;7,5;8,70
210019;7;2302;7,7;7,6;7,65
210019;8;2302;9,8;8,4;9,10
210019;9;2302;7,7;8,1;7,90
210019;10;2302;9,1;8,6;8,85
210019;11;2302;8,3;9,8;9,05
210019;12;2302;8,4;8,6;8,50
210020;1;2302;9,4;7,9;8,65
210020;2;2302;7,1;7,1;7,10
210020;3;2302;7,5;7,8;7,65
210020;4;2302;9,1;9,9;9,50
210020;5;2302;8;8,3;8,15
210020;6;2302;7,8;7;7,40
210020;7;2302;7,3;7,6;7,45
210020;8;2302;7,3;7,1;7,20
210020;9;2302;8,8;9;8,90
210020;10;2302;7,4;9,1;8,25
210020;11;2302;7,2;7,2;7,20
210020;12;2302;9,1;8,2;8,65
